<?xml version="1.0" encoding="UTF-8"?>
<project-private xmlns="http://www.netbeans.org/ns/project-private/1">
    <editor-bookmarks xmlns="http://www.netbeans.org/ns/editor-bookmarks/2" lastBookmarkId="0"/>
    <open-files xmlns="http://www.netbeans.org/ns/projectui-open-files/2">
        <group>
            <file>file:/D:/MATKUL/Semester%205/Pemrograman%20Visual%20(Dekstop)/Tugas/Belajar%20Java/src/Koneksi/cekKoneksi.java</file>
            <file>file:/D:/MATKUL/Semester%205/Pemrograman%20Visual%20(Dekstop)/Tugas/Belajar%20Java/src/RBCB/RBCB.java</file>
            <file>file:/D:/MATKUL/Semester%205/Pemrograman%20Visual%20(Dekstop)/Tugas/Belajar%20Java/src/belajar/java/Biodata.java</file>
            <file>file:/D:/MATKUL/Semester%205/Pemrograman%20Visual%20(Dekstop)/Tugas/Belajar%20Java/src/Koneksi/koneksiDB.java</file>
        </group>
    </open-files>
</project-private>
